Page,Meta Title,Meta Description,Slug
Home,Volte a se mover sem dor | Sport Health - Fisioterapia Esportiva SJC,Especialista em fisioterapia esportiva e ortopédica em São José dos Campos. Recuperação de lesões e atendimento a atletas.,/
Sobre,Dr. Carlos Prado — Fisioterapeuta esportivo em SJC | Sport Health,Bio e trajetória do Dr. Carlos Prado. 8 anos de experiência e 6 temporadas no NBB.,/sobre
Tratamentos,Tratamentos de Fisioterapia em São José dos Campos | Sport Health,Conheça nossos tratamentos: ombro coluna joelho quiropraxia e mais.,/tratamentos
Ombro,Tratamento dor no ombro em São José dos Campos | Sport Health,Alívio de dor no ombro e reabilitação funcional com o Dr. Carlos Prado.,/tratamentos/ombro
Lombar,Tratamento dor lombar em SJC | Sport Health — Especialista em Coluna,Alívio de crises de dor lombar e hérnia de disco com protocolos modernos.,/tratamentos/coluna-lombar
Joelho,Reabilitação de Joelho em SJC | Sport Health — Retorno ao Esporte,Tratamento para lesões de menisco ligamento e artrose no joelho.,/tratamentos/joelho
Tornozelo e Pé,Fascite plantar e dor no pé em SJC | Sport Health,Tratamento especializado para fascite plantar e dores nos pés.,/tratamentos/tornozelo-e-pe
Lesões Esportivas,Lesões Esportivas tratamento SJC | Sport Health,Fisioterapia focada no retorno acelerado e seguro de atletas.,/tratamentos/lesoes-esportivas
Pós-Operatório,Fisioterapia Pós-Operatória em SJC | Sport Health,Recuperação cirúrgica com protocolos de reabilitação acelerada.,/tratamentos/pos-operatorio
Terapia Manual,Terapia Manual em SJC | Sport Health,Alívio de tensões e melhora da mobilidade com técnicas manuais.,/tratamentos/terapia-manual
Quiropraxia,Quiropraxia em São José dos Campos | Sport Health,Ajustes articulares para melhora funcional e alinhamento da coluna.,/tratamentos/quiropraxia
Acupuntura,Acupuntura para dor em SJC | Sport Health,Modulação da dor e relaxamento muscular com acupuntura clínica.,/tratamentos/acupuntura
Ventosa,Ventosaterapia em SJC | Sport Health,Recuperação muscular e melhora da circulação com ventosas.,/tratamentos/ventosa
Bandagem Elástica,Bandagem Elástica e Kinesiotaping SJC | Sport Health,Suporte funcional e proprioceptivo para atletas e pacientes.,/tratamentos/bandagem-elastica
Serviços Atletas,Serviços para Atletas e Equipes SJC | Sport Health,Performance e recovery para atletas amadores e profissionais.,/servicos-para-atletas
Blog,Blog Sport Health — Fisioterapia e Performance em SJC,Artigos e dicas sobre saúde performance e reabilitação.,/blog
Contato,Fale Conosco | Sport Health - Dr. Carlos Prado SJC,Agende sua avaliação inicial pelo WhatsApp ou formulário.,/contato
